country,gymnast
ARGENTINA,Camila Ambrosio
ARGENTINA,Camila Bonzo
ARGENTINA,Agustina Pisos
ARGENTINA,Mayra Vaquie
AUSTRALIA,Talia Folino
AUSTRALIA,Georgia Godwin
AUSTRALIA,Rianna Mizzen
AUSTRIA,Jasmin Mader
AUSTRIA,Marlies Männersdorfer
AZERBAIJAN,Yuliya Inshina
AZERBAIJAN,Marina Nekrasova
AZERBAIJAN,Ekaterina Tishkova
BELGIUM,Maelysse Brassart
BELGIUM,Nina Derwael
BELGIUM,Rune Hermans
BRAZIL,Rebeca Andrade
BRAZIL,Thais Fidelis
BULGARIA,Pamela Georgieva
BULGARIA,Yoana Yankova
CANADA,Ellie Black
CANADA,Brooklyn Moors
CANADA,Shallon Olsen
CANADA,Isabela Onyshko
CHINA,Yilin Fan
CHINA,Tingting Liu
CHINA,Huan Luo
CHINA,Yan Wang
CHINESE TAIPEI,Hsiu Ju Chuang
CHINESE TAIPEI,Ko Ching Fang
CHINESE TAIPEI,Pin-Ju Lai
CHINESE TAIPEI,Yu Ju Lo
COLOMBIA,Dayana Ardila
COLOMBIA,Ginna Escobar
COLOMBIA,Valentina Pardo
CROATIA,Ana Derek
CUBA,Yesenia Ferrera
CUBA,Marcia Vidiaux
CZECH REPUBLIC,Veronika Cenkova
CZECH REPUBLIC,Aneta Holasova
CZECH REPUBLIC,Lucie Jirikova
DENMARK,Mette Hulgaard
DENMARK,Linnea Wang
DENMARK,Emilie Winther
EGYPT,Sherine El Zeiny
EGYPT,Farah Hussein
EGYPT,Hana Kassem
EGYPT,Farah Salem
FINLAND,Maija Leinonen
FINLAND,Helmi Murto
FINLAND,Annika Urvikko
FRANCE,Marine Boyer
FRANCE,Lorette Charpy
FRANCE,Melanie De Jesus Dos Santos
FRANCE,Coline Devillard
GERMANY,Tabea Alt
GERMANY,Kim Bui
GERMANY,Pauline Schäfer
GERMANY,Elisabeth Seitz
GREAT BRITAIN,Georgia-Mae Fenton
GREAT BRITAIN,Claudia Fragapane
GREAT BRITAIN,Alice Kinsella
GREAT BRITAIN,Amy Tinkler
GREECE,Argyro Afrati
GREECE,Evangelia Plyta
GREECE,Ioanna Xoulogi
HONG KONG,Ng Yanyin
HUNGARY,Dalia Al-Salty
HUNGARY,Boglarka Devai
HUNGARY,Zsofia Kovacs
HUNGARY,Boglarka Tömböl
ICELAND,Dominiqua Belanyi
ICELAND,Irina Sazonova
ICELAND,Agnes Suto
INDIA,Aruna Budda Reddy
INDIA,Pranati Nayak
ISRAEL,Gaya Giladi
ISRAEL,Ofir Kremer
ISRAEL,Ofir Netzer
ISRAEL,Shailee Weiss
ITALY,Sara Berardinelli
ITALY,Desiree Carofiglio
ITALY,Vanessa Ferrari
ITALY,Lara Mori
JAMAICA,Mackenize Robinson
JAMAICA,Maya Williams
JAMAICA,Toni-Ann Williams
JAPAN,Sae Miyakawa
JAPAN,Mai Murakami
JAPAN,Aiko Sugihara
JAPAN,Asuka Teramoto
KAZAKHSTAN,Yekaterina Chuikina
KAZAKHSTAN,Zhanerke Duisek
LATVIA,Anastasija Dubova
LATVIA,Valerija Grisane
LATVIA,Marija Ribalcenko
LITHUANIA,Agata Vostruchovaite
MEXICO,Miriana Almeida Garcia
MEXICO,Victoria Mata
MEXICO,Ahtziri Sandoval
NETHERLANDS,Eythora Thorsdottir
NETHERLANDS,Tisha Volleman
NETHERLANDS,Lieke Wevers
NETHERLANDS,Sanne Wevers
NEW ZEALAND,Isabella Brett
NEW ZEALAND,Estella Matthewson
NEW ZEALAND,Courtney McGregor
NEW ZEALAND,Ayame van Beusekom
NORWAY,Solveig Berg
NORWAY,Thea Nygård
NORWAY,Martine Skregelid
NORWAY,Julie Søderstrøm
PANAMA,Ana Laura Wong
PORTUGAL,Mariana Marianito
PORTUGAL,Filipa Martins
PORTUGAL,Miriana Pitrez
PUERTO RICO,Bianca Leon
PUERTO RICO,Paula Mejias
South Korea,Jury Kim
South Korea,Eun Ju Lee
South Korea,Gaeun Sung
South Korea,Narae Yun
ROMANIA,Ioana Crisan
ROMANIA,Larisa Iordache
ROMANIA,Catalina Ponor
RUSSIA,Elena Eremina
RUSSIA,Anastasia Iliankova
RUSSIA,Angelina Melnikova
RUSSIA,Maria Paseka
SLOVAKIA,Barbora Mokosova
SLOVENIA,Teja Belak
SLOVENIA,Tjasa Kysselef
SOUTH AFRICA,Claudia Cummins
SOUTH AFRICA,Naveen Daries
SOUTH AFRICA,Cornelia Eksteen
SOUTH AFRICA,Angela Maguire
SPAIN,Claudia Colom
SPAIN,Nora Fernandez
SPAIN,Ana Pérez
SPAIN,Cintia Rodriguez
SWEDEN,Jonna Adlerteg
SWITZERLAND,Jessica Diacci
SWITZERLAND,Ilaria Kaeslin
SWITZERLAND,Giulia Steingruber
SWITZERLAND,Fabienne Studer
TURKEY,Göksu Üctas Sanli
TURKEY,Tutya Yilmaz
UKRAINE,Valeriia Iarmolenko
UKRAINE,Valeriia Osipova
UKRAINE,Angelina Radivilova
UKRAINE,Diana Varinska
UNITED STATES OF AMERICA,Jade Carey
UNITED STATES OF AMERICA,Morgan Hurd
UNITED STATES OF AMERICA,Ashton Locklear
UNITED STATES,Ragan Smith
UZBEKISTAN,Oksana Chusovitina
VENEZUELA,Pamela Arriojas
VENEZUELA,Milca Leon
VIETNAM,Bui Nguyen Hai Yen
VIETNAM,Truong Khanh Van
